<?xml version="1.0"?>
<Devices>
    <Device type="custom" id="receiver">
        <Name>RX-A1010</Name>
        <ConfigUI>
            <Field id="txtip" type="textfield" default="192.168.1.20">
                <Label>Receiver IP Address</Label>
                <Description>enter the ip address of your reciever</Description>
            </Field>
        </ConfigUI>
        <UiDisplayStateId>power</UiDisplayStateId>
        <States>
            <State id="power">
                <ValueType>
                    <List>
                        <Option value="On">On</Option>
                        <Option value="Standby">Standby</Option>
                    </List>
                </ValueType>
                <TriggerLabel>Power</TriggerLabel>
                <ControlPageLabel>Power</ControlPageLabel>
            </State>
            <State id="volume">
                <ValueType>Integer</ValueType>
                <TriggerLabel>Volume</TriggerLabel>
                <ControlPageLabel>Volume</ControlPageLabel>
            </State>
            <State id="dvolume">
                <ValueType>String</ValueType>
                <TriggerLabel>Display Volume</TriggerLabel>
                <ControlPageLabel>Display Volume</ControlPageLabel>
            </State>
            <State id="mute">
                <ValueType>
                    <List>
                        <Option value="On">On</Option>
                        <Option value="Off">Off</Option>
                    </List>
                </ValueType>
                <TriggerLabel>Mute</TriggerLabel>
                <ControlPageLabel>Mute</ControlPageLabel>
            </State>
            <State id="input">
                <ValueType>
                    <List>
                        <Option value="multi_ch">MULTI CH</Option>
                        <Option value="dock">DOCK</Option>
                        <Option value="hdmi1">HDMI1</Option>
                        <Option value="hdmi2">HDMI2</Option>
                        <Option value="hdmi3">HDMI3</Option>
                        <Option value="hdmi4">HDMI4</Option>
                        <Option value="hdmi5">HDMI5</Option>
                        <Option value="hdmi6">HDMI6</Option>
                        <Option value="hdmi7">HDMI7</Option>
                        <Option value="net_radio">NET RADIO</Option>
                        <Option value="ipod">iPod</Option>
                        <Option value="pc">PC</Option>
                        <Option value="usb">USB</Option>
                        <Option value="tuner">TUNER</Option>
                        <Option value="v-aux">V-AUX</Option>
                        <Option value="av1">AV1</Option>
                        <Option value="av2">AV2</Option>
                        <Option value="av3">AV3</Option>
                        <Option value="av4">AV4</Option>
                        <Option value="av5">AV5</Option>
                        <Option value="av6">AV6</Option>
                        <Option value="av7">AV7</Option>
                        <Option value="audio1">AUDIO1</Option>
                        <Option value="audio2">AUDIO2</Option>
                        <Option value="audio3">AUDIO3</Option>
                        <Option value="audio4">AUDIO4</Option>
                        <Option value="phono">PHONO</Option>
                        <Option value="inputoff">Input Off</Option>
                    </List>
                </ValueType>
                <TriggerLabel>Input</TriggerLabel>
                <ControlPageLabel>Input</ControlPageLabel>
            </State>
            <State id="dinput">
                <ValueType>String</ValueType>
                <TriggerLabel>Display Input</TriggerLabel>
                <ControlPageLabel>Display Input</ControlPageLabel>
            </State>
            <State id="dspstraight">
                <ValueType>
                    <List>
                        <Option value="On">On</Option>
                        <Option value="Off">Off</Option>
                    </List>
                </ValueType>
                <TriggerLabel>Straight</TriggerLabel>
                <ControlPageLabel>Straight</ControlPageLabel>
            </State>
            <State id="dspprog">
                <ValueType>
                    <List>
                        <Option value="Hall_in_Munich">Hall in Munich</Option>
                        <Option value="Hall_in_Vienna">Hall in Vienna</Option>
                        <Option value="Chamber">Chamber</Option>
                        <Option value="Cellar_Club">Cellar Club</Option>
                        <Option value="The_Roxy_Theatre">The Roxy Theatre</Option>
                        <Option value="The_Bottom_Line">The Bottom Line</Option>
                        <Option value="Sports">Sports</Option>
                        <Option value="Action_Game">Action Game</Option>
                        <Option value="Roleplaying_Game">Roleplaying Game</Option>
                        <Option value="Music_Video">Music Video</Option>
                        <Option value="Standard">Standard</Option>
                        <Option value="Spectacle">Spectacle</Option>
                        <Option value="Sci-Fi">Sci-Fi</Option>
                        <Option value="Adventure">Adventure</Option>
                        <Option value="Drama">Drama</Option>
                        <Option value="Mono_Movie">Mono Movie</Option>
                        <Option value="twoch_Stereo">2ch Stereo</Option>
                        <Option value="sevench_Stereo">7ch Stereo</Option>
                        <Option value="Surround_Decoder">Surround Decoder</Option>
                        <Option value="Straight">Straight</Option>
                        <Option value="dspoff">DSP Off</Option>
                    </List>
                </ValueType>
                <TriggerLabel>DSP Program</TriggerLabel>
                <ControlPageLabel>DSP Program</ControlPageLabel>
            </State>
            <State id="ddsp">
                <ValueType>String</ValueType>
                <TriggerLabel>Display DSP</TriggerLabel>
                <ControlPageLabel>Display DSP</ControlPageLabel>
            </State>
            <State id="dsp3dcinema">
                <ValueType>
                    <List>
                        <Option value="Auto">Auto</Option>
                        <Option value="Off">Off</Option>
                    </List>
                </ValueType>
                <TriggerLabel>3D Cinema DSP</TriggerLabel>
                <ControlPageLabel>3D Cinema DSP</ControlPageLabel>
            </State>
            <State id="dspenh">
                <ValueType>
                    <List>
                        <Option value="On">On</Option>
                        <Option value="Off">Off</Option>
                    </List>
                </ValueType>
                <TriggerLabel>Enhancer</TriggerLabel>
                <ControlPageLabel>Enhancer</ControlPageLabel>
            </State>
            <State id="bass">
                <ValueType>Integer</ValueType>
                <TriggerLabel>Bass</TriggerLabel>
                <ControlPageLabel>Bass</ControlPageLabel>
            </State>
            <State id="dbass">
                <ValueType>String</ValueType>
                <TriggerLabel>Display Bass</TriggerLabel>
                <ControlPageLabel>Display Bass</ControlPageLabel>
            </State>
            <State id="trebble">
                <ValueType>Integer</ValueType>
                <TriggerLabel>Trebble</TriggerLabel>
                <ControlPageLabel>Trebble</ControlPageLabel>
            </State>
            <State id="dtrebble">
                <ValueType>String</ValueType>
                <TriggerLabel>Display Trebble</TriggerLabel>
                <ControlPageLabel>Display Trebble</ControlPageLabel>
            </State>
            <State id="puredirect">
                <ValueType>
                    <List>
                        <Option value="On">On</Option>
                        <Option value="Off">Off</Option>
                    </List>
                </ValueType>
                <TriggerLabel>Pure Direct</TriggerLabel>
                <ControlPageLabel>Pure Direct</ControlPageLabel>
            </State>
            <State id="partymode">
                <ValueType>
                    <List>
                        <Option value="On">On</Option>
                        <Option value="Off">Off</Option>
                    </List>
                </ValueType>
                <TriggerLabel>Party Mode</TriggerLabel>
                <ControlPageLabel>Party Mode</ControlPageLabel>
            </State>
            <State id="adaptivedrc">
                <ValueType>
                    <List>
                        <Option value="Auto">Auto</Option>
                        <Option value="Off">Off</Option>
                    </List>
                </ValueType>
                <TriggerLabel>Adaptive DRC</TriggerLabel>
                <ControlPageLabel>Adaptive DRC</ControlPageLabel>
            </State>
            <State id="sleep">
                <ValueType>
                    <List>
                        <Option value="Off">Off</Option>
                        <Option value="n30">30</Option>
                        <Option value="n60">60</Option>
                        <Option value="n90">90</Option>
                        <Option value="n120">120</Option>
                    </List>
                </ValueType>
                <TriggerLabel>Sleep</TriggerLabel>
                <ControlPageLabel>Sleep</ControlPageLabel>
            </State>
            <State id="dsleep">
                <ValueType>String</ValueType>
                <TriggerLabel>Sleep</TriggerLabel>
                <ControlPageLabel>Sleep</ControlPageLabel>
            </State>
            <State id="playback">
                <ValueType>
                    <List>
                        <Option value="Play">Play</Option>
                        <Option value="Pause">Pause</Option>
                        <Option value="Stop">Stop</Option>
                        <Option value="Off">Off</Option>
                    </List>
                </ValueType>
                <TriggerLabel>Playback</TriggerLabel>
                <ControlPageLabel>Playback</ControlPageLabel>
            </State>
            <State id="repeat">
                <ValueType>
                    <List>
                        <Option value="All">All</Option>
                        <Option value="One">One</Option>
                        <Option value="Off">Off</Option>
                    </List>
                </ValueType>
                <TriggerLabel>Repeat</TriggerLabel>
                <ControlPageLabel>Repeat</ControlPageLabel>
            </State>
            <State id="shuffle">
                <ValueType>
                    <List>
                        <Option value="On">On</Option>
                        <Option value="Off">Off</Option>
                    </List>
                </ValueType>
                <TriggerLabel>Shuffle</TriggerLabel>
                <ControlPageLabel>Shuffle</ControlPageLabel>
            </State>
            <State id="artist">
                <ValueType>String</ValueType>
                <TriggerLabel>Artist</TriggerLabel>
                <ControlPageLabel>Artist</ControlPageLabel>
            </State>
            <State id="album">
                <ValueType>String</ValueType>
                <TriggerLabel>Album</TriggerLabel>
                <ControlPageLabel>Album</ControlPageLabel>
            </State>
            <State id="song">
                <ValueType>String</ValueType>
                <TriggerLabel>Song</TriggerLabel>
                <ControlPageLabel>Song</ControlPageLabel>
            </State>
            <State id="listname">
                <ValueType>String</ValueType>
                <TriggerLabel>List Name</TriggerLabel>
                <ControlPageLabel>List Name</ControlPageLabel>
            </State>
            <State id="line1">
                <ValueType>String</ValueType>
                <TriggerLabel>Line1</TriggerLabel>
                <ControlPageLabel>Line1</ControlPageLabel>
            </State>
            <State id="line2">
                <ValueType>String</ValueType>
                <TriggerLabel>Line2</TriggerLabel>
                <ControlPageLabel>Line2</ControlPageLabel>
            </State>
            <State id="line3">
                <ValueType>String</ValueType>
                <TriggerLabel>Line3</TriggerLabel>
                <ControlPageLabel>Line3</ControlPageLabel>
            </State>
            <State id="line4">
                <ValueType>String</ValueType>
                <TriggerLabel>Line4</TriggerLabel>
                <ControlPageLabel>Line4</ControlPageLabel>
            </State>
            <State id="line5">
                <ValueType>String</ValueType>
                <TriggerLabel>Line5</TriggerLabel>
                <ControlPageLabel>Line5</ControlPageLabel>
            </State>
            <State id="line6">
                <ValueType>String</ValueType>
                <TriggerLabel>Line6</TriggerLabel>
                <ControlPageLabel>Line6</ControlPageLabel>
            </State>
            <State id="line7">
                <ValueType>String</ValueType>
                <TriggerLabel>Line7</TriggerLabel>
                <ControlPageLabel>Line7</ControlPageLabel>
            </State>
            <State id="line8">
                <ValueType>String</ValueType>
                <TriggerLabel>Line8</TriggerLabel>
                <ControlPageLabel>Line8</ControlPageLabel>
            </State>
            <State id="linesel">
                <ValueType>
                    <List>
                        <Option value="s1">s1</Option>
                        <Option value="s2">s2</Option>
                        <Option value="s3">s3</Option>
                        <Option value="s4">s4</Option>
                        <Option value="s5">s5</Option>
                        <Option value="s6">s6</Option>
                        <Option value="s7">s7</Option>
                        <Option value="s8">s8</Option>
                        <Option value="na">N/A</Option>
                    </List>
                </ValueType>
                <TriggerLabel>LineSel</TriggerLabel>
                <ControlPageLabel>LineSel</ControlPageLabel>
            </State>
            <State id="page">
                <ValueType>String</ValueType>
                <TriggerLabel>Page</TriggerLabel>
                <ControlPageLabel>Page</ControlPageLabel>
            </State>
            <State id="band">
                <ValueType>
                    <List>
                        <Option value="FM">FM</Option>
                        <Option value="AM">AM</Option>
                        <Option value="Off">Off</Option>
                    </List>
                </ValueType>
                <TriggerLabel>Band</TriggerLabel>
                <ControlPageLabel>Band</ControlPageLabel>
            </State>
            <State id="stereo">
                <ValueType>
                    <List>
                        <Option value="Auto">Auto</Option>
                        <Option value="Mono">Mono</Option>
                        <Option value="Off">Off</Option>
                    </List>
                </ValueType>
                <TriggerLabel>Stereo</TriggerLabel>
                <ControlPageLabel>Stereo</ControlPageLabel>
            </State>
        </States>
    </Device>
</Devices>